,?,,?UTC,??,?,?,,,?,?,50KT,50KT,50KT,30KT,30KT,30KT,
2009,5,1,12,0901,KUJIRA,2,12.8,124.1,1006,0,0,0,0,0,0,0,0
2009,5,1,18,0901,KUJIRA,2,12.9,124.2,1004,0,0,0,0,0,0,0,0
2009,5,2,0,0901,KUJIRA,2,13.0,124.3,1004,0,0,0,0,0,0,0,0
2009,5,2,6,0901,KUJIRA,2,13.2,124.4,1002,0,0,0,0,0,0,0,0
2009,5,2,12,0901,KUJIRA,2,13.3,124.5,1002,0,0,0,0,0,0,0,0
2009,5,2,18,0901,KUJIRA,3,13.4,124.6,1000,35,0,0,0,9,80,80,0
2009,5,3,0,0901,KUJIRA,3,13.7,124.7,996,40,0,0,0,9,80,80,0
2009,5,3,6,0901,KUJIRA,3,14.1,125.0,985,45,0,0,0,9,100,100,0
2009,5,3,12,0901,KUJIRA,4,14.5,125.5,980,55,9,30,30,9,110,110,0
2009,5,3,18,0901,KUJIRA,4,15.0,126.2,975,60,9,30,30,9,120,120,0
2009,5,4,0,0901,KUJIRA,5,15.7,127.4,970,65,9,40,40,9,130,130,0
2009,5,4,6,0901,KUJIRA,5,16.4,128.5,965,70,9,50,50,9,130,130,0
2009,5,4,12,0901,KUJIRA,5,16.8,129.6,950,80,9,50,50,9,130,130,0
2009,5,4,18,0901,KUJIRA,5,17.1,131.0,940,85,9,50,50,9,130,130,0
2009,5,5,0,0901,KUJIRA,5,17.6,132.7,940,85,9,50,50,9,130,130,0
2009,5,5,6,0901,KUJIRA,5,18.3,134.0,940,85,9,50,50,9,130,130,0
2009,5,5,12,0901,KUJIRA,5,18.8,135.3,950,80,9,50,50,9,130,130,0
2009,5,5,18,0901,KUJIRA,5,19.5,136.9,950,80,9,50,50,9,130,130,0
2009,5,6,0,0901,KUJIRA,5,20.4,138.2,955,75,9,50,50,9,130,130,0
2009,5,6,6,0901,KUJIRA,5,21.6,139.8,955,75,9,50,50,9,130,130,0
2009,5,6,12,0901,KUJIRA,5,23.0,141.3,965,70,9,40,40,9,120,120,0
2009,5,6,18,0901,KUJIRA,5,24.4,142.9,970,65,9,40,40,3,110,80,0
2009,5,7,0,0901,KUJIRA,4,26.0,144.0,980,55,9,30,30,3,110,80,0
2009,5,7,6,0901,KUJIRA,3,28.4,145.5,985,45,0,0,0,3,100,70,0
2009,5,7,12,0901,KUJIRA,3,30.2,147.3,990,35,0,0,0,3,90,50,0
2009,5,7,18,0901,KUJIRA,6,32.3,149.3,998,0,0,0,0,0,0,0,0
2009,5,8,0,0901,KUJIRA,6,34.4,151.1,1000,0,0,0,0,0,0,0,0
2009,5,8,6,0901,KUJIRA,6,36.1,152.7,1000,0,0,0,0,0,0,0,0
2009,5,8,12,0901,KUJIRA,6,37.8,154.6,1000,0,0,0,0,0,0,0,0
2009,5,8,18,0901,KUJIRA,6,40.6,156.4,998,0,0,0,0,0,0,0,0
2009,5,9,0,0901,KUJIRA,6,41.9,159.3,998,0,0,0,0,0,0,0,0
2009,5,9,6,0901,KUJIRA,6,43.0,161.8,998,0,0,0,0,0,0,0,0
2009,5,9,12,0901,KUJIRA,6,43.8,163.6,1000,0,0,0,0,0,0,0,0
2009,5,9,18,0901,KUJIRA,6,44.4,164.8,1000,0,0,0,0,0,0,0,0
2009,5,10,0,0901,KUJIRA,6,45.1,165.9,1002,0,0,0,0,0,0,0,0
2009,5,10,6,0901,KUJIRA,6,45.4,166.6,1002,0,0,0,0,0,0,0,0
2009,5,10,12,0901,KUJIRA,6,45.8,167.4,1002,0,0,0,0,0,0,0,0
2009,5,10,18,0901,KUJIRA,6,45.9,168.5,1002,0,0,0,0,0,0,0,0
2009,5,11,0,0901,KUJIRA,6,46.6,169.3,1006,0,0,0,0,0,0,0,0
2009,5,11,6,0901,KUJIRA,6,47.2,170.2,1008,0,0,0,0,0,0,0,0
2009,5,11,12,0901,KUJIRA,6,48.3,171.0,1008,0,0,0,0,0,0,0,0
2009,5,11,18,0901,KUJIRA,6,49.5,171.4,1008,0,0,0,0,0,0,0,0
2009,5,12,0,0901,KUJIRA,6,50.7,171.5,1010,0,0,0,0,0,0,0,0
2009,5,12,6,0901,KUJIRA,6,52.2,170.5,1010,0,0,0,0,0,0,0,0
2009,5,12,12,0901,KUJIRA,6,53.3,168.6,1010,0,0,0,0,0,0,0,0
2009,5,12,18,0901,KUJIRA,6,53.9,167.4,1010,0,0,0,0,0,0,0,0
2009,5,13,0,0901,KUJIRA,6,54.2,166.0,1012,0,0,0,0,0,0,0,0
2009,5,13,6,0901,KUJIRA,6,55.0,164.3,1014,0,0,0,0,0,0,0,0
2009,5,2,18,0902,CHAN-HOM,2,9.7,111.1,1006,0,0,0,0,0,0,0,0
2009,5,3,0,0902,CHAN-HOM,2,9.7,111.5,1004,0,0,0,0,0,0,0,0
2009,5,3,6,0902,CHAN-HOM,2,9.7,111.5,1004,0,0,0,0,0,0,0,0
2009,5,3,12,0902,CHAN-HOM,3,9.9,111.6,1000,35,0,0,0,9,100,100,0
2009,5,3,18,0902,CHAN-HOM,3,10.2,111.9,998,35,0,0,0,9,100,100,0
2009,5,4,0,0902,CHAN-HOM,3,10.5,112.2,996,35,0,0,0,9,100,100,0
2009,5,4,6,0902,CHAN-HOM,3,10.9,112.0,992,40,0,0,0,9,100,100,0
2009,5,4,12,0902,CHAN-HOM,3,11.2,111.7,990,45,0,0,0,9,100,100,0
2009,5,4,18,0902,CHAN-HOM,4,11.3,111.6,985,50,0,0,0,9,100,100,0
2009,5,5,0,0902,CHAN-HOM,4,11.5,111.7,980,55,9,30,30,9,100,100,0
2009,5,5,6,0902,CHAN-HOM,4,12.1,111.8,980,55,9,30,30,9,100,100,0
2009,5,5,12,0902,CHAN-HOM,4,12.7,112.1,980,55,9,30,30,9,100,100,0
2009,5,5,18,0902,CHAN-HOM,4,13.3,112.6,980,55,9,30,30,9,100,100,0
2009,5,6,0,0902,CHAN-HOM,4,13.6,113.1,980,55,9,30,30,9,100,100,0
2009,5,6,6,0902,CHAN-HOM,4,14.1,113.9,980,55,9,30,30,9,100,100,0
2009,5,6,12,0902,CHAN-HOM,4,14.4,114.6,975,60,9,40,40,3,120,100,0
2009,5,6,18,0902,CHAN-HOM,5,14.8,115.9,975,65,9,40,40,3,120,100,0
2009,5,7,0,0902,CHAN-HOM,5,15.3,117.3,975,65,9,40,40,3,120,100,0
2009,5,7,6,0902,CHAN-HOM,5,15.8,118.7,975,65,9,40,40,3,120,100,0
2009,5,7,12,0902,CHAN-HOM,4,16.4,120.2,985,55,9,30,30,9,100,100,0
2009,5,7,18,0902,CHAN-HOM,4,16.6,121.5,990,50,0,0,0,8,100,80,0
2009,5,8,0,0902,CHAN-HOM,4,16.5,123.4,990,50,0,0,0,8,100,80,0
2009,5,8,6,0902,CHAN-HOM,3,16.4,124.9,990,45,0,0,0,8,100,70,0
2009,5,8,12,0902,CHAN-HOM,3,16.7,126.3,992,40,0,0,0,8,100,60,0
2009,5,8,18,0902,CHAN-HOM,3,17.0,127.0,994,35,0,0,0,8,100,60,0
2009,5,9,0,0902,CHAN-HOM,2,17.2,127.5,998,0,0,0,0,0,0,0,0
2009,5,9,6,0902,CHAN-HOM,2,17.4,128.0,1000,0,0,0,0,0,0,0,0
2009,5,9,12,0902,CHAN-HOM,2,17.8,128.7,1002,0,0,0,0,0,0,0,0
2009,5,9,18,0902,CHAN-HOM,2,18.5,128.5,1004,0,0,0,0,0,0,0,0
2009,5,10,0,0902,CHAN-HOM,2,19.0,127.9,1006,0,0,0,0,0,0,0,0
2009,5,10,6,0902,CHAN-HOM,2,19.7,128.2,1006,0,0,0,0,0,0,0,0
2009,5,10,12,0902,CHAN-HOM,2,20.5,127.7,1006,0,0,0,0,0,0,0,0
2009,5,10,18,0902,CHAN-HOM,2,20.9,127.6,1006,0,0,0,0,0,0,0,0
2009,5,11,0,0902,CHAN-HOM,2,21.7,127.2,1006,0,0,0,0,0,0,0,0
2009,5,11,6,0902,CHAN-HOM,2,21.7,126.7,1006,0,0,0,0,0,0,0,0
2009,5,11,12,0902,CHAN-HOM,2,22.1,127.4,1008,0,0,0,0,0,0,0,0
2009,5,11,18,0902,CHAN-HOM,2,23.0,127.2,1008,0,0,0,0,0,0,0,0
2009,5,12,0,0902,CHAN-HOM,2,23.8,126.9,1010,0,0,0,0,0,0,0,0
2009,5,12,6,0902,CHAN-HOM,2,24.3,127.2,1008,0,0,0,0,0,0,0,0
2009,5,12,12,0902,CHAN-HOM,2,24.8,127.9,1008,0,0,0,0,0,0,0,0
2009,5,12,18,0902,CHAN-HOM,2,25.3,128.5,1008,0,0,0,0,0,0,0,0
2009,5,13,0,0902,CHAN-HOM,2,25.7,128.8,1008,0,0,0,0,0,0,0,0
2009,6,17,6,0903,LINFA,2,17.4,116.7,1004,0,0,0,0,0,0,0,0
2009,6,17,12,0903,LINFA,2,17.6,116.6,1004,0,0,0,0,0,0,0,0
2009,6,17,18,0903,LINFA,2,17.7,116.3,1002,0,0,0,0,0,0,0,0
2009,6,18,0,0903,LINFA,3,17.6,116.1,1000,35,0,0,0,9,100,100,0
2009,6,18,6,0903,LINFA,3,17.3,116.3,998,35,0,0,0,9,100,100,0
2009,6,18,12,0903,LINFA,3,17.2,116.5,994,35,0,0,0,9,100,100,0
2009,6,18,18,0903,LINFA,3,17.4,116.9,994,35,0,0,0,9,100,100,0
2009,6,19,0,0903,LINFA,3,17.6,117.2,992,40,0,0,0,5,120,100,0
2009,6,19,6,0903,LINFA,3,18.4,117.3,990,45,0,0,0,5,120,100,0
2009,6,19,12,0903,LINFA,4,19.3,117.1,985,50,0,0,0,4,140,100,0
2009,6,19,18,0903,LINFA,4,19.8,116.9,985,50,0,0,0,4,140,100,0
2009,6,20,0,0903,LINFA,4,20.1,117.1,980,55,9,30,30,3,160,100,0
2009,6,20,6,0903,LINFA,4,20.5,117.3,975,60,9,40,40,3,160,100,0
2009,6,20,12,0903,LINFA,4,21.2,117.8,975,60,9,40,40,3,160,100,0
2009,6,20,18,0903,LINFA,4,21.9,118.1,975,60,9,40,40,3,160,100,0
2009,6,21,0,0903,LINFA,4,22.7,118.3,975,60,9,40,40,3,160,100,0
2009,6,21,6,0903,LINFA,4,23.4,118.3,980,55,9,30,30,4,160,100,0
2009,6,21,12,0903,LINFA,4,24.1,118.3,980,50,0,0,0,4,120,80,0
2009,6,21,18,0903,LINFA,3,25.1,119.0,992,40,0,0,0,4,80,60,0
2009,6,22,0,0903,LINFA,3,26.0,119.7,996,35,0,0,0,4,80,60,0
2009,6,22,6,0903,LINFA,2,27.4,120.7,998,0,0,0,0,0,0,0,0
2009,6,22,12,0903,LINFA,2,28.7,121.8,1000,0,0,0,0,0,0,0,0
2009,6,22,18,0903,LINFA,2,29.2,122.7,1000,0,0,0,0,0,0,0,0
2009,6,23,0,0903,LINFA,2,29.7,124.2,1000,0,0,0,0,0,0,0,0
2009,6,23,6,0903,LINFA,6,30.0,125.4,1000,0,0,0,0,0,0,0,0
2009,6,23,12,0903,LINFA,6,31.7,129.1,998,0,0,0,0,0,0,0,0
2009,6,23,18,0903,LINFA,6,33.2,133.4,998,0,0,0,0,0,0,0,0
2009,6,24,0,0903,LINFA,6,33.9,137.2,998,0,0,0,0,0,0,0,0
2009,6,24,6,0903,LINFA,6,35.7,142.0,1000,0,0,0,0,0,0,0,0
2009,6,24,12,0903,LINFA,6,37.5,146.0,1000,0,0,0,0,0,0,0,0
2009,6,24,18,0903,LINFA,6,39.0,149.1,1002,0,0,0,0,0,0,0,0
2009,6,25,0,0903,LINFA,6,40.1,152.3,1002,0,0,0,0,0,0,0,0
2009,6,25,6,0903,LINFA,6,41.1,155.8,1002,0,0,0,0,0,0,0,0
2009,6,25,12,0903,LINFA,6,41.9,157.6,1002,0,0,0,0,0,0,0,0
2009,6,25,18,0903,LINFA,6,42.6,159.6,1002,0,0,0,0,0,0,0,0
2009,6,26,0,0903,LINFA,6,42.9,160.6,1004,0,0,0,0,0,0,0,0
2009,6,26,6,0903,LINFA,6,43.5,161.8,1004,0,0,0,0,0,0,0,0
2009,6,26,12,0903,LINFA,6,43.9,163.1,1004,0,0,0,0,0,0,0,0
2009,6,26,18,0903,LINFA,6,44.6,164.0,1006,0,0,0,0,0,0,0,0
2009,6,27,0,0903,LINFA,6,45.6,165.4,1006,0,0,0,0,0,0,0,0
2009,6,27,6,0903,LINFA,6,46.8,166.6,1004,0,0,0,0,0,0,0,0
2009,6,27,12,0903,LINFA,6,47.9,168.0,1004,0,0,0,0,0,0,0,0
2009,6,27,18,0903,LINFA,6,49.3,168.8,1004,0,0,0,0,0,0,0,0
2009,6,28,0,0903,LINFA,6,50.6,169.9,1004,0,0,0,0,0,0,0,0
2009,6,28,6,0903,LINFA,6,52.1,171.2,1004,0,0,0,0,0,0,0,0
2009,6,28,12,0903,LINFA,6,53.8,172.7,1004,0,0,0,0,0,0,0,0
2009,6,28,18,0903,LINFA,6,55.3,173.4,1004,0,0,0,0,0,0,0,0
2009,6,29,0,0903,LINFA,6,56.4,173.8,1006,0,0,0,0,0,0,0,0
2009,6,29,6,0903,LINFA,6,57.4,174.3,1006,0,0,0,0,0,0,0,0
2009,6,29,12,0903,LINFA,6,58.1,174.4,1008,0,0,0,0,0,0,0,0
2009,6,29,18,0903,LINFA,6,58.5,173.5,1008,0,0,0,0,0,0,0,0
2009,6,30,0,0903,LINFA,6,58.4,172.7,1008,0,0,0,0,0,0,0,0
2009,6,30,6,0903,LINFA,6,58.2,172.0,1006,0,0,0,0,0,0,0,0
2009,6,30,12,0903,LINFA,6,57.8,171.9,1006,0,0,0,0,0,0,0,0
2009,6,22,12,0904,NANGKA,2,10.8,129.0,1002,0,0,0,0,0,0,0,0
2009,6,22,18,0904,NANGKA,2,10.9,128.0,1002,0,0,0,0,0,0,0,0
2009,6,23,0,0904,NANGKA,2,11.6,126.5,1000,0,0,0,0,0,0,0,0
2009,6,23,6,0904,NANGKA,3,11.8,125.3,996,35,0,0,0,1,160,120,0
2009,6,23,12,0904,NANGKA,3,12.3,124.2,994,40,0,0,0,1,160,120,0
2009,6,23,18,0904,NANGKA,3,12.5,123.2,994,40,0,0,0,1,170,130,0
2009,6,24,0,0904,NANGKA,3,12.8,122.3,994,40,0,0,0,9,160,160,0
2009,6,24,6,0904,NANGKA,3,13.3,121.2,994,40,0,0,0,9,160,160,0
2009,6,24,12,0904,NANGKA,3,13.9,120.3,994,40,0,0,0,5,180,130,0
2009,6,24,18,0904,NANGKA,3,14.5,119.3,996,40,0,0,0,5,180,130,0
2009,6,25,0,0904,NANGKA,3,15.5,118.6,996,40,0,0,0,3,150,120,0
2009,6,25,6,0904,NANGKA,3,16.3,118.3,996,40,0,0,0,3,150,120,0
2009,6,25,12,0904,NANGKA,3,17.4,117.5,996,35,0,0,0,3,150,120,0
2009,6,25,18,0904,NANGKA,3,18.4,116.8,996,35,0,0,0,3,150,110,0
2009,6,26,0,0904,NANGKA,3,19.2,116.3,996,35,0,0,0,3,150,110,0
2009,6,26,6,0904,NANGKA,3,20.8,115.7,996,35,0,0,0,3,140,100,0
2009,6,26,12,0904,NANGKA,3,22.1,114.9,996,35,0,0,0,3,100,80,0
2009,6,26,18,0904,NANGKA,2,23.0,114.2,1000,0,0,0,0,0,0,0,0
2009,7,9,18,0905,SOUDELOR,2,18.7,121.7,1002,0,0,0,0,0,0,0,0
2009,7,10,0,0905,SOUDELOR,2,18.7,120.6,1000,0,0,0,0,0,0,0,0
2009,7,10,6,0905,SOUDELOR,2,19.3,119.9,1000,0,0,0,0,0,0,0,0
2009,7,10,12,0905,SOUDELOR,2,19.3,118.4,998,0,0,0,0,0,0,0,0
2009,7,10,18,0905,SOUDELOR,2,19.5,116.7,996,0,0,0,0,0,0,0,0
2009,7,11,0,0905,SOUDELOR,3,19.8,115.4,994,35,0,0,0,9,100,100,0
2009,7,11,6,0905,SOUDELOR,3,19.8,114.0,992,35,0,0,0,9,100,100,0
2009,7,11,12,0905,SOUDELOR,3,19.9,112.8,992,35,0,0,0,9,100,100,0
2009,7,11,18,0905,SOUDELOR,3,20.1,111.6,994,35,0,0,0,9,100,100,0
2009,7,12,0,0905,SOUDELOR,2,20.5,110.4,996,0,0,0,0,0,0,0,0
2009,7,12,6,0905,SOUDELOR,2,20.8,108.5,996,0,0,0,0,0,0,0,0
2009,7,12,12,0905,SOUDELOR,2,21.0,107.0,998,0,0,0,0,0,0,0,0
2009,7,12,18,0905,SOUDELOR,2,20.8,105.0,1000,0,0,0,0,0,0,0,0
2009,7,15,0,0906,MOLAVE,2,14.1,128.6,1004,0,0,0,0,0,0,0,0
2009,7,15,6,0906,MOLAVE,2,14.4,127.8,1002,0,0,0,0,0,0,0,0
2009,7,15,12,0906,MOLAVE,2,14.9,127.1,1002,0,0,0,0,0,0,0,0
2009,7,15,18,0906,MOLAVE,2,15.6,126.4,1000,0,0,0,0,0,0,0,0
2009,7,16,0,0906,MOLAVE,2,16.1,125.8,1000,0,0,0,0,0,0,0,0
2009,7,16,6,0906,MOLAVE,3,16.6,125.1,998,35,0,0,0,2,200,150,0
2009,7,16,12,0906,MOLAVE,3,17.3,124.6,996,35,0,0,0,2,200,150,0
2009,7,16,18,0906,MOLAVE,3,18.0,123.9,994,40,0,0,0,3,200,150,0
2009,7,17,0,0906,MOLAVE,3,18.7,123.4,992,45,0,0,0,3,200,150,0
2009,7,17,6,0906,MOLAVE,4,19.5,122.6,985,55,9,40,40,3,200,150,0
2009,7,17,12,0906,MOLAVE,4,20.7,121.3,980,60,3,50,40,3,240,130,0
2009,7,17,18,0906,MOLAVE,5,21.0,119.6,975,65,3,50,40,3,240,130,0
2009,7,18,0,0906,MOLAVE,5,21.4,118.3,975,65,3,50,40,3,240,130,0
2009,7,18,6,0906,MOLAVE,5,21.8,117.1,975,65,3,50,40,3,240,130,0
2009,7,18,12,0906,MOLAVE,5,22.3,116.0,975,65,3,50,40,3,240,100,0
2009,7,18,18,0906,MOLAVE,4,22.6,114.5,980,60,3,50,30,3,200,70,0
2009,7,19,0,0906,MOLAVE,3,22.9,112.8,992,40,0,0,0,3,180,50,0
2009,7,19,6,0906,MOLAVE,2,23.3,111.1,996,0,0,0,0,0,0,0,0
2009,8,1,6,0907,GONI,2,16.6,123.2,992,0,0,0,0,0,0,0,0
2009,8,1,12,0907,GONI,2,16.9,121.9,994,0,0,0,0,0,0,0,0
2009,8,1,18,0907,GONI,2,17.0,120.2,994,0,0,0,0,0,0,0,0
2009,8,2,0,0907,GONI,2,17.2,118.5,994,0,0,0,0,0,0,0,0
2009,8,2,6,0907,GONI,2,17.3,117.4,992,0,0,0,0,0,0,0,0
2009,8,2,12,0907,GONI,2,17.4,116.6,992,0,0,0,0,0,0,0,0
2009,8,2,18,0907,GONI,2,17.8,116.3,992,0,0,0,0,0,0,0,0
2009,8,3,0,0907,GONI,2,18.5,116.2,994,0,0,0,0,0,0,0,0
2009,8,3,6,0907,GONI,2,19.3,115.7,994,0,0,0,0,0,0,0,0
2009,8,3,12,0907,GONI,3,19.7,115.3,992,35,0,0,0,5,150,80,0
2009,8,3,18,0907,GONI,3,20.1,114.6,992,35,0,0,0,5,150,80,0
2009,8,4,0,0907,GONI,3,20.7,114.3,992,35,0,0,0,5,150,80,0
2009,8,4,6,0907,GONI,3,21.3,114.0,990,40,0,0,0,5,150,80,0
2009,8,4,12,0907,GONI,3,21.5,113.5,990,40,0,0,0,4,180,80,0
2009,8,4,18,0907,GONI,3,21.6,113.1,990,40,0,0,0,4,180,80,0
2009,8,5,0,0907,GONI,3,21.8,112.6,990,40,0,0,0,3,120,80,0
2009,8,5,6,0907,GONI,3,22.0,112.4,990,40,0,0,0,9,80,80,0
2009,8,5,12,0907,GONI,3,22.0,112.1,990,40,0,0,0,9,80,80,0
2009,8,5,18,0907,GONI,3,22.0,111.8,990,35,0,0,0,9,80,80,0
2009,8,6,0,0907,GONI,3,22.0,111.4,990,35,0,0,0,9,80,80,0
2009,8,6,6,0907,GONI,2,21.9,111.1,990,0,0,0,0,0,0,0,0
2009,8,6,12,0907,GONI,2,21.4,110.5,990,0,0,0,0,0,0,0,0
2009,8,6,18,0907,GONI,2,21.0,110.3,990,0,0,0,0,0,0,0,0
2009,8,7,0,0907,GONI,2,20.6,109.6,990,0,0,0,0,0,0,0,0
2009,8,7,6,0907,GONI,3,20.2,109.2,990,35,0,0,0,6,80,40,0
2009,8,7,12,0907,GONI,3,19.9,108.9,990,35,0,0,0,6,80,40,0
2009,8,7,18,0907,GONI,3,19.5,108.4,990,35,0,0,0,6,80,40,0
2009,8,8,0,0907,GONI,3,19.1,108.3,990,35,0,0,0,6,80,40,0
2009,8,8,6,0907,GONI,2,18.4,108.2,992,0,0,0,0,0,0,0,0
2009,8,8,12,0907,GONI,2,17.8,108.7,992,0,0,0,0,0,0,0,0
2009,8,8,18,0907,GONI,2,17.7,110.0,994,0,0,0,0,0,0,0,0
2009,8,9,0,0907,GONI,2,18.0,111.2,994,0,0,0,0,0,0,0,0
2009,8,9,6,0907,GONI,2,18.8,112.6,994,0,0,0,0,0,0,0,0
2009,8,9,12,0907,GONI,2,19.3,113.3,994,0,0,0,0,0,0,0,0
2009,8,9,18,0907,GONI,2,19.9,113.8,994,0,0,0,0,0,0,0,0
2009,8,10,0,0907,GONI,2,20.4,114.3,996,0,0,0,0,0,0,0,0
2009,8,2,18,0908,MORAKOT,2,20.1,133.4,994,0,0,0,0,0,0,0,0
2009,8,3,0,0908,MORAKOT,3,20.3,133.8,992,35,0,0,0,4,240,150,0
2009,8,3,6,0908,MORAKOT,3,20.4,134.4,992,35,0,0,0,4,240,200,0
2009,8,3,12,0908,MORAKOT,3,20.6,134.9,990,40,0,0,0,9,240,240,0
2009,8,3,18,0908,MORAKOT,3,21.2,135.5,985,45,0,0,0,9,260,260,0
2009,8,4,0,0908,MORAKOT,3,21.7,135.9,985,45,0,0,0,9,260,260,0
2009,8,4,6,0908,MORAKOT,3,22.2,135.4,985,45,0,0,0,9,260,260,0
2009,8,4,12,0908,MORAKOT,4,22.3,134.6,980,50,0,0,0,9,270,270,0
2009,8,4,18,0908,MORAKOT,4,22.5,134.1,975,55,3,90,70,9,270,270,0
2009,8,5,0,0908,MORAKOT,4,22.6,133.3,975,60,3,100,80,9,290,290,0
2009,8,5,6,0908,MORAKOT,4,22.8,132.1,970,60,3,120,100,9,325,325,0
2009,8,5,12,0908,MORAKOT,4,22.9,130.8,970,60,3,120,100,9,325,325,0
2009,8,5,18,0908,MORAKOT,5,23.1,129.3,965,65,3,130,110,9,350,350,0
2009,8,6,0,0908,MORAKOT,5,23.0,127.8,965,65,3,130,110,9,350,350,0
2009,8,6,3,0908,MORAKOT,5,23.1,127.2,960,65,3,140,120,9,350,350,0
2009,8,6,6,0908,MORAKOT,5,23.1,126.6,960,65,3,140,120,9,350,350,0
2009,8,6,9,0908,MORAKOT,5,23.2,126.1,955,70,3,160,130,9,350,350,0
2009,8,6,12,0908,MORAKOT,5,23.4,125.4,950,70,3,160,130,9,350,350,0
2009,8,6,15,0908,MORAKOT,5,23.4,124.6,945,75,3,180,130,9,350,350,0
2009,8,6,18,0908,MORAKOT,5,23.4,124.0,945,75,3,180,130,9,350,350,0
2009,8,6,21,0908,MORAKOT,5,23.4,123.7,945,75,3,180,130,9,350,350,0
2009,8,7,0,0908,MORAKOT,5,23.5,123.1,945,75,3,180,130,9,350,350,0
2009,8,7,3,0908,MORAKOT,5,23.4,122.7,950,70,3,180,130,9,350,350,0
2009,8,7,6,0908,MORAKOT,5,23.4,122.3,950,70,3,180,130,3,350,300,0
2009,8,7,9,0908,MORAKOT,5,23.4,122.1,950,70,3,180,130,3,350,300,0
2009,8,7,12,0908,MORAKOT,5,23.5,121.9,950,70,3,180,130,3,350,300,0
2009,8,7,18,0908,MORAKOT,5,23.8,121.2,960,65,3,180,120,3,325,250,0
2009,8,8,0,0908,MORAKOT,4,24.5,120.7,970,60,3,180,120,3,325,250,0
2009,8,8,6,0908,MORAKOT,4,24.6,120.5,970,60,3,180,120,3,325,220,0
2009,8,8,12,0908,MORAKOT,4,24.7,120.3,970,60,3,180,100,3,325,220,0
2009,8,8,18,0908,MORAKOT,4,24.9,120.1,975,60,3,180,80,3,325,180,0
2009,8,9,0,0908,MORAKOT,4,25.7,120.3,975,60,3,180,80,3,325,160,0
2009,8,9,6,0908,MORAKOT,4,26.2,120.1,975,60,3,150,40,3,325,140,0
2009,8,9,12,0908,MORAKOT,4,26.7,119.8,980,50,0,0,0,3,300,140,0
2009,8,9,18,0908,MORAKOT,3,27.2,119.5,985,45,0,0,0,3,300,140,0
2009,8,10,0,0908,MORAKOT,3,28.2,119.6,990,40,0,0,0,3,300,120,0
2009,8,10,6,0908,MORAKOT,3,29.0,119.7,992,35,0,0,0,3,280,120,0
2009,8,10,12,0908,MORAKOT,3,30.3,120.3,994,35,0,0,0,3,240,120,0
2009,8,10,18,0908,MORAKOT,2,31.0,120.5,996,0,0,0,0,0,0,0,0
2009,8,11,0,0908,MORAKOT,2,31.9,120.8,998,0,0,0,0,0,0,0,0
2009,8,11,6,0908,MORAKOT,2,32.8,121.4,998,0,0,0,0,0,0,0,0
2009,8,11,12,0908,MORAKOT,2,34.0,122.7,998,0,0,0,0,0,0,0,0
2009,8,11,18,0908,MORAKOT,6,35.5,124.3,998,0,0,0,0,0,0,0,0
2009,8,12,0,0908,MORAKOT,6,36.7,126.1,998,0,0,0,0,0,0,0,0
2009,8,8,0,0909,ETAU,2,22.7,139.7,998,0,0,0,0,0,0,0,0
2009,8,8,6,0909,ETAU,2,23.5,139.0,996,0,0,0,0,0,0,0,0
2009,8,8,12,0909,ETAU,2,24.2,138.2,996,0,0,0,0,0,0,0,0
2009,8,8,18,0909,ETAU,2,25.3,136.9,996,0,0,0,0,0,0,0,0
2009,8,9,0,0909,ETAU,2,26.0,136.3,996,0,0,0,0,0,0,0,0
2009,8,9,6,0909,ETAU,3,27.0,135.2,994,35,0,0,0,9,90,90,0
2009,8,9,12,0909,ETAU,3,27.9,134.8,994,35,0,0,0,9,90,90,0
2009,8,9,18,0909,ETAU,3,28.9,134.3,994,35,0,0,0,9,90,90,0
2009,8,9,21,0909,ETAU,3,29.4,134.3,994,35,0,0,0,9,90,90,0
2009,8,10,0,0909,ETAU,3,30.0,134.4,992,40,0,0,0,3,100,70,0
2009,8,10,3,0909,ETAU,3,30.6,134.6,992,40,0,0,0,3,100,70,0
2009,8,10,6,0909,ETAU,3,31.1,135.2,992,40,0,0,0,3,120,90,0
2009,8,10,9,0909,ETAU,3,31.6,135.6,992,40,0,0,0,3,120,90,0
2009,8,10,12,0909,ETAU,3,32.0,135.9,992,40,0,0,0,3,130,80,0
2009,8,10,15,0909,ETAU,3,32.3,136.4,992,40,0,0,0,4,130,70,0
2009,8,10,18,0909,ETAU,3,32.7,136.9,992,40,0,0,0,4,120,70,0
2009,8,10,21,0909,ETAU,3,32.9,137.9,992,40,0,0,0,4,120,70,0
2009,8,11,0,0909,ETAU,3,33.2,138.6,992,40,0,0,0,4,120,70,0
2009,8,11,3,0909,ETAU,3,33.3,139.7,992,40,0,0,0,4,120,70,0
2009,8,11,6,0909,ETAU,3,33.4,140.8,992,40,0,0,0,4,120,70,0
2009,8,11,9,0909,ETAU,3,33.2,141.8,992,40,0,0,0,4,140,70,0
2009,8,11,12,0909,ETAU,3,33.1,143.0,992,40,0,0,0,4,160,70,0
2009,8,11,18,0909,ETAU,3,32.7,145.2,992,40,0,0,0,4,180,80,0
2009,8,12,0,0909,ETAU,3,32.5,148.3,992,40,0,0,0,4,180,80,0
2009,8,12,6,0909,ETAU,3,32.3,150.6,992,40,0,0,0,4,180,80,0
2009,8,12,12,0909,ETAU,3,33.2,151.8,992,35,0,0,0,3,180,80,0
2009,8,12,18,0909,ETAU,3,33.5,151.8,992,35,0,0,0,3,200,80,0
2009,8,13,0,0909,ETAU,2,33.8,151.7,994,0,0,0,0,0,0,0,0
2009,8,13,6,0909,ETAU,2,34.4,151.6,994,0,0,0,0,0,0,0,0
2009,8,13,12,0909,ETAU,2,34.9,151.9,996,0,0,0,0,0,0,0,0
2009,8,13,18,0909,ETAU,2,35.6,152.0,998,0,0,0,0,0,0,0,0
2009,8,14,0,0909,ETAU,2,36.4,152.9,1000,0,0,0,0,0,0,0,0
2009,8,14,6,0909,ETAU,2,37.4,154.2,1002,0,0,0,0,0,0,0,0
2009,8,14,12,0909,ETAU,6,39.1,155.9,1004,0,0,0,0,0,0,0,0
2009,8,14,18,0909,ETAU,6,40.3,158.9,1002,0,0,0,0,0,0,0,0
2009,8,15,0,0909,ETAU,6,41.0,163.1,1002,0,0,0,0,0,0,0,0
2009,8,15,6,0909,ETAU,6,41.3,167.9,1002,0,0,0,0,0,0,0,0
2009,8,15,12,0909,ETAU,6,41.8,173.5,1002,0,0,0,0,0,0,0,0
2009,8,15,18,0909,ETAU,6,42.3,179.1,1000,0,0,0,0,0,0,0,0
2009,8,16,0,0909,ETAU,6,43.0,184.7,998,0,0,0,0,0,0,0,0
2009,8,16,12,0910,VAMCO,2,11.6,160.7,1006,0,0,0,0,0,0,0,0
2009,8,16,18,0910,VAMCO,2,11.5,160.0,1006,0,0,0,0,0,0,0,0
2009,8,17,0,0910,VAMCO,2,12.6,159.0,1006,0,0,0,0,0,0,0,0
2009,8,17,6,0910,VAMCO,2,13.2,158.8,1006,0,0,0,0,0,0,0,0
2009,8,17,12,0910,VAMCO,2,13.9,158.5,1004,0,0,0,0,0,0,0,0
2009,8,17,18,0910,VAMCO,3,14.5,158.3,1000,35,0,0,0,2,90,70,0
2009,8,18,0,0910,VAMCO,3,15.6,157.8,998,35,0,0,0,2,90,70,0
2009,8,18,6,0910,VAMCO,3,16.2,157.5,996,40,0,0,0,2,90,70,0
2009,8,18,12,0910,VAMCO,4,16.6,157.3,985,50,0,0,0,2,90,70,0
2009,8,18,18,0910,VAMCO,4,17.0,157.3,980,55,9,30,30,1,100,70,0
2009,8,19,0,0910,VAMCO,5,17.3,157.5,975,65,9,30,30,1,100,70,0
2009,8,19,6,0910,VAMCO,5,17.7,157.7,970,70,9,30,30,1,110,70,0
2009,8,19,12,0910,VAMCO,5,18.0,157.6,965,75,9,40,40,1,110,70,0
2009,8,19,18,0910,VAMCO,5,18.2,157.4,950,85,9,40,40,1,120,80,0
2009,8,20,0,0910,VAMCO,5,18.6,157.4,945,90,1,50,40,1,130,80,0
2009,8,20,6,0910,VAMCO,5,18.8,157.1,945,90,1,60,40,1,130,80,0
2009,8,20,12,0910,VAMCO,5,19.0,157.1,945,90,1,60,40,1,130,80,0
2009,8,20,18,0910,VAMCO,5,19.3,157.0,945,90,1,70,50,1,130,80,0
2009,8,21,0,0910,VAMCO,5,19.8,156.7,945,90,1,70,50,1,130,80,0
2009,8,21,6,0910,VAMCO,5,20.5,156.8,945,90,1,70,50,1,130,80,0
2009,8,21,12,0910,VAMCO,5,21.1,156.7,945,90,1,70,50,1,130,80,0
2009,8,21,18,0910,VAMCO,5,22.2,156.9,945,90,1,70,50,1,130,80,0
2009,8,22,0,0910,VAMCO,5,23.5,156.7,955,80,2,60,40,2,130,80,0
2009,8,22,6,0910,VAMCO,5,24.7,156.3,955,80,2,60,40,2,120,80,0
2009,8,22,12,0910,VAMCO,5,25.6,155.9,955,80,2,60,40,2,120,80,0
2009,8,22,18,0910,VAMCO,5,26.5,155.5,955,80,2,50,30,2,110,70,0
2009,8,23,0,0910,VAMCO,5,27.5,155.0,955,80,2,50,30,2,110,70,0
2009,8,23,6,0910,VAMCO,5,28.5,154.9,955,80,2,50,30,2,110,70,0
2009,8,23,12,0910,VAMCO,5,29.3,154.6,955,80,2,50,30,2,110,70,0
2009,8,23,18,0910,VAMCO,5,30.0,154.4,955,80,2,50,30,2,110,70,0
2009,8,24,0,0910,VAMCO,5,31.1,154.8,955,80,2,50,30,2,120,70,0
2009,8,24,6,0910,VAMCO,5,32.2,154.9,960,75,2,50,30,2,130,80,0
2009,8,24,12,0910,VAMCO,5,33.6,155.3,960,75,2,50,30,2,150,80,0
2009,8,24,18,0910,VAMCO,5,35.5,155.9,960,75,3,60,40,3,170,90,0
2009,8,25,0,0910,VAMCO,5,38.1,156.8,965,70,3,80,40,3,180,100,0
2009,8,25,6,0910,VAMCO,5,41.4,158.6,970,65,3,90,40,3,190,110,0
2009,8,25,12,0910,VAMCO,4,45.2,161.6,980,60,3,100,30,3,200,120,0
2009,8,25,18,0910,VAMCO,4,48.5,164.7,985,55,3,130,20,3,200,120,0
2009,8,26,0,0910,VAMCO,6,51.4,169.3,988,0,0,0,0,0,0,0,0
2009,8,26,6,0910,VAMCO,6,53.3,173.9,988,0,0,0,0,0,0,0,0
2009,8,26,12,0910,VAMCO,6,54.3,178.6,988,0,0,0,0,0,0,0,0
2009,8,26,18,0910,VAMCO,6,54.7,183.5,988,0,0,0,0,0,0,0,0
2009,8,28,0,0911,KROVANH,2,21.4,149.1,1002,0,0,0,0,0,0,0,0
2009,8,28,6,0911,KROVANH,2,22.6,149.1,1002,0,0,0,0,0,0,0,0
2009,8,28,12,0911,KROVANH,3,23.8,149.0,998,35,0,0,0,2,120,80,0
2009,8,28,18,0911,KROVANH,3,25.0,148.7,996,35,0,0,0,2,120,80,0
2009,8,29,0,0911,KROVANH,3,26.3,147.8,994,40,0,0,0,2,120,80,0
2009,8,29,6,0911,KROVANH,3,27.4,146.9,992,40,0,0,0,2,120,80,0
2009,8,29,12,0911,KROVANH,3,28.6,146.0,990,45,0,0,0,2,120,80,0
2009,8,29,18,0911,KROVANH,4,29.9,144.5,985,50,0,0,0,2,120,80,0
2009,8,30,0,0911,KROVANH,4,30.6,142.5,985,50,0,0,0,2,120,80,0
2009,8,30,6,0911,KROVANH,4,31.1,141.0,980,55,9,30,30,2,150,100,0
2009,8,30,9,0911,KROVANH,4,31.4,140.8,980,55,9,30,30,2,150,100,0
2009,8,30,12,0911,KROVANH,4,31.8,140.6,980,55,9,30,30,2,150,100,0
2009,8,30,15,0911,KROVANH,4,32.1,140.3,980,55,9,30,30,2,150,100,0
2009,8,30,18,0911,KROVANH,4,32.7,140.0,975,60,9,40,40,1,180,100,0
2009,8,30,21,0911,KROVANH,4,33.1,139.9,975,60,9,40,40,1,180,100,0
2009,8,31,0,0911,KROVANH,4,33.5,139.9,975,60,9,40,40,1,180,100,0
2009,8,31,3,0911,KROVANH,4,34.0,139.9,980,55,9,30,30,1,150,80,0
2009,8,31,6,0911,KROVANH,4,34.6,140.5,980,55,9,30,30,1,150,80,0
2009,8,31,9,0911,KROVANH,4,35.4,141.0,980,55,9,30,30,1,150,80,0
2009,8,31,12,0911,KROVANH,4,36.4,141.5,985,50,0,0,0,1,150,80,0
2009,8,31,15,0911,KROVANH,4,37.2,142.1,985,50,0,0,0,1,150,80,0
2009,8,31,18,0911,KROVANH,4,38.3,142.9,985,50,0,0,0,1,150,80,0
2009,8,31,21,0911,KROVANH,3,39.4,143.8,990,45,0,0,0,1,200,120,0
2009,9,1,0,0911,KROVANH,3,40.3,144.6,992,45,0,0,0,1,200,120,0
2009,9,1,6,0911,KROVANH,3,42.2,146.3,994,45,0,0,0,1,200,120,0
2009,9,1,12,0911,KROVANH,6,42.9,148.2,996,0,0,0,0,0,0,0,0
2009,9,1,18,0911,KROVANH,6,43.3,150.3,1000,0,0,0,0,0,0,0,0
2009,9,2,0,0911,KROVANH,6,43.5,152.8,1000,0,0,0,0,0,0,0,0
2009,9,2,6,0911,KROVANH,6,43.4,155.6,1004,0,0,0,0,0,0,0,0
2009,9,2,18,0912,DUJUAN,2,17.5,130.1,996,0,0,0,0,0,0,0,0
2009,9,3,0,0912,DUJUAN,2,17.8,128.9,996,0,0,0,0,0,0,0,0
2009,9,3,6,0912,DUJUAN,2,17.4,127.7,996,0,0,0,0,0,0,0,0
2009,9,3,12,0912,DUJUAN,2,16.9,127.5,994,0,0,0,0,0,0,0,0
2009,9,3,18,0912,DUJUAN,3,17.1,128.2,992,35,0,0,0,4,260,120,0
2009,9,4,0,0912,DUJUAN,3,17.3,128.9,990,40,0,0,0,4,280,140,0
2009,9,4,6,0912,DUJUAN,3,17.7,129.5,990,40,0,0,0,4,300,160,0
2009,9,4,12,0912,DUJUAN,3,18.6,131.2,990,40,0,0,0,4,300,160,0
2009,9,4,18,0912,DUJUAN,3,19.1,131.8,985,45,0,0,0,4,300,160,0
2009,9,5,0,0912,DUJUAN,4,20.0,132.4,980,50,0,0,0,4,325,200,0
2009,9,5,6,0912,DUJUAN,4,21.3,133.6,980,50,0,0,0,4,325,200,0
2009,9,5,12,0912,DUJUAN,4,22.6,134.8,980,50,0,0,0,3,325,260,0
2009,9,5,18,0912,DUJUAN,4,23.4,135.2,980,50,0,0,0,3,325,260,0
2009,9,6,0,0912,DUJUAN,4,24.6,135.3,980,50,0,0,0,7,280,200,0
2009,9,6,6,0912,DUJUAN,4,25.4,135.8,980,50,0,0,0,7,300,240,0
2009,9,6,12,0912,DUJUAN,4,26.0,135.9,980,50,0,0,0,7,280,220,0
2009,9,6,18,0912,DUJUAN,4,26.8,135.9,980,50,0,0,0,7,280,220,0
2009,9,7,0,0912,DUJUAN,4,27.2,135.8,980,50,0,0,0,7,260,200,0
2009,9,7,6,0912,DUJUAN,4,27.9,136.2,980,50,0,0,0,7,260,200,0
2009,9,7,12,0912,DUJUAN,4,28.6,136.5,980,50,0,0,0,7,240,200,0
2009,9,7,18,0912,DUJUAN,4,29.4,137.3,980,50,0,0,0,3,250,190,0
2009,9,8,0,0912,DUJUAN,4,30.4,138.7,980,50,0,0,0,3,250,190,0
2009,9,8,6,0912,DUJUAN,4,31.1,140.4,980,50,0,0,0,3,240,160,0
2009,9,8,12,0912,DUJUAN,4,31.6,142.4,980,50,0,0,0,3,240,140,0
2009,9,8,18,0912,DUJUAN,4,32.3,145.1,980,50,0,0,0,9,220,220,0
2009,9,9,0,0912,DUJUAN,4,33.6,148.6,980,50,0,0,0,9,260,260,0
2009,9,9,6,0912,DUJUAN,4,35.1,152.2,980,50,0,0,0,9,260,260,0
2009,9,9,12,0912,DUJUAN,4,37.0,155.7,980,50,0,0,0,9,260,260,0
2009,9,9,18,0912,DUJUAN,4,39.6,159.8,980,50,0,0,0,5,325,240,0
2009,9,10,0,0912,DUJUAN,4,42.9,163.8,980,50,0,0,0,5,325,240,0
2009,9,10,6,0912,DUJUAN,6,45.5,167.4,980,0,0,0,0,0,0,0,0
2009,9,10,12,0912,DUJUAN,6,47.8,170.7,980,0,0,0,0,0,0,0,0
2009,9,10,18,0912,DUJUAN,6,49.5,174.5,984,0,0,0,0,0,0,0,0
2009,9,11,0,0912,DUJUAN,6,51.2,177.5,986,0,0,0,0,0,0,0,0
2009,9,11,6,0912,DUJUAN,6,53.0,180.0,990,0,0,0,0,0,0,0,0
2009,9,11,12,0912,DUJUAN,6,54.4,181.2,992,0,0,0,0,0,0,0,0
2009,9,9,0,0913,MUJIGAE,2,16.9,119.1,1002,0,0,0,0,0,0,0,0
2009,9,9,6,0913,MUJIGAE,2,17.7,118.3,1000,0,0,0,0,0,0,0,0
2009,9,9,12,0913,MUJIGAE,2,18.1,117.4,1000,0,0,0,0,0,0,0,0
2009,9,9,18,0913,MUJIGAE,2,18.7,116.2,1000,0,0,0,0,0,0,0,0
2009,9,10,0,0913,MUJIGAE,3,19.0,114.9,998,35,0,0,0,8,130,50,0
2009,9,10,6,0913,MUJIGAE,3,19.3,113.7,998,35,0,0,0,8,130,50,0
2009,9,10,12,0913,MUJIGAE,3,19.6,112.5,996,35,0,0,0,8,90,60,0
2009,9,10,18,0913,MUJIGAE,3,19.7,111.4,996,35,0,0,0,8,90,60,0
2009,9,11,0,0913,MUJIGAE,3,19.8,109.0,994,40,0,0,0,8,90,60,0
2009,9,11,6,0913,MUJIGAE,3,19.8,108.2,994,40,0,0,0,8,90,60,0
2009,9,11,12,0913,MUJIGAE,3,19.6,107.4,996,35,0,0,0,9,50,50,0
2009,9,11,18,0913,MUJIGAE,3,19.7,106.7,998,35,0,0,0,9,50,50,0
2009,9,12,0,0913,MUJIGAE,2,20.0,106.0,1000,0,0,0,0,0,0,0,0
2009,9,12,6,0913,MUJIGAE,2,20.3,104.5,1004,0,0,0,0,0,0,0,0
2009,9,12,12,0913,MUJIGAE,2,20.6,102.8,1006,0,0,0,0,0,0,0,0
2009,9,12,0,0914,CHOI-WAN,2,14.3,153.5,1008,0,0,0,0,0,0,0,0
2009,9,12,6,0914,CHOI-WAN,2,14.9,152.6,1006,0,0,0,0,0,0,0,0
2009,9,12,12,0914,CHOI-WAN,2,15.0,152.0,1004,0,0,0,0,0,0,0,0
2009,9,12,18,0914,CHOI-WAN,3,15.4,150.9,1002,35,0,0,0,1,180,130,0
2009,9,13,0,0914,CHOI-WAN,3,16.0,150.0,998,45,0,0,0,1,180,130,0
2009,9,13,6,0914,CHOI-WAN,4,15.8,149.3,994,50,0,0,0,1,180,130,0
2009,9,13,12,0914,CHOI-WAN,4,15.7,148.7,990,55,9,40,40,1,190,130,0
2009,9,13,18,0914,CHOI-WAN,4,15.6,148.7,980,60,9,50,50,1,200,130,0
2009,9,14,0,0914,CHOI-WAN,5,15.6,148.3,965,70,9,50,50,1,220,130,0
2009,9,14,6,0914,CHOI-WAN,5,15.7,147.8,955,80,1,60,50,1,230,130,0
2009,9,14,12,0914,CHOI-WAN,5,16.3,147.5,945,85,1,70,60,1,240,140,0
2009,9,14,18,0914,CHOI-WAN,5,16.6,147.0,935,95,1,80,60,1,250,140,0
2009,9,15,0,0914,CHOI-WAN,5,17.1,146.6,935,95,1,80,60,1,260,150,0
2009,9,15,6,0914,CHOI-WAN,5,17.6,145.7,925,100,1,100,70,1,270,150,0
2009,9,15,12,0914,CHOI-WAN,5,17.9,145.0,915,105,1,120,80,1,280,170,0
2009,9,15,18,0914,CHOI-WAN,5,18.2,144.2,915,105,1,120,80,1,280,200,0
2009,9,16,0,0914,CHOI-WAN,5,18.6,143.4,915,105,1,120,80,1,280,200,0
2009,9,16,6,0914,CHOI-WAN,5,19.0,142.6,915,105,2,120,80,1,280,200,0
2009,9,16,12,0914,CHOI-WAN,5,19.2,141.9,915,105,2,130,70,1,280,200,0
2009,9,16,18,0914,CHOI-WAN,5,19.6,141.4,915,105,2,130,70,1,280,200,0
2009,9,17,0,0914,CHOI-WAN,5,20.3,140.9,925,100,2,120,70,1,280,200,0
2009,9,17,6,0914,CHOI-WAN,5,21.0,140.3,935,95,2,110,70,1,280,200,0
2009,9,17,12,0914,CHOI-WAN,5,21.6,139.8,935,95,2,110,70,1,280,200,0
2009,9,17,18,0914,CHOI-WAN,5,22.5,139.3,945,85,2,100,70,1,280,200,0
2009,9,18,0,0914,CHOI-WAN,5,23.2,138.9,945,85,2,100,70,2,280,200,0
2009,9,18,6,0914,CHOI-WAN,5,24.1,138.8,950,80,2,110,90,2,260,190,0
2009,9,18,12,0914,CHOI-WAN,5,25.2,139.1,955,75,2,130,100,2,240,180,0
2009,9,18,18,0914,CHOI-WAN,5,26.4,139.6,960,70,2,130,110,2,260,190,0
2009,9,18,21,0914,CHOI-WAN,5,27.0,139.7,960,70,2,140,120,2,270,200,0
2009,9,19,0,0914,CHOI-WAN,5,27.7,140.4,960,70,3,140,120,3,280,200,0
2009,9,19,3,0914,CHOI-WAN,5,28.4,141.0,960,70,3,150,130,3,300,210,0
2009,9,19,6,0914,CHOI-WAN,5,29.1,141.6,960,70,3,150,130,3,300,210,0
2009,9,19,9,0914,CHOI-WAN,5,29.8,142.4,960,70,3,150,130,3,300,210,0
2009,9,19,12,0914,CHOI-WAN,5,30.5,143.3,965,70,3,150,130,3,300,210,0
2009,9,19,18,0914,CHOI-WAN,5,32.7,145.1,970,70,3,150,130,3,300,210,0
2009,9,20,0,0914,CHOI-WAN,5,34.1,146.8,975,65,3,150,100,3,300,210,0
2009,9,20,6,0914,CHOI-WAN,4,35.1,149.1,980,60,3,170,70,3,325,150,0
2009,9,20,12,0914,CHOI-WAN,6,36.8,152.3,986,0,0,0,0,0,0,0,0
2009,9,20,18,0914,CHOI-WAN,6,38.8,156.1,990,0,0,0,0,0,0,0,0
2009,9,13,0,0915,KOPPU,2,19.5,120.3,1000,0,0,0,0,0,0,0,0
2009,9,13,6,0915,KOPPU,2,19.3,118.9,1000,0,0,0,0,0,0,0,0
2009,9,13,12,0915,KOPPU,2,19.2,117.9,1000,0,0,0,0,0,0,0,0
2009,9,13,18,0915,KOPPU,3,19.7,116.6,994,35,0,0,0,9,120,120,0
2009,9,14,0,0915,KOPPU,3,20.0,115.9,990,45,0,0,0,9,120,120,0
2009,9,14,6,0915,KOPPU,4,20.3,115.1,985,55,9,40,40,9,160,160,0
2009,9,14,12,0915,KOPPU,4,20.9,114.2,980,60,9,40,40,3,160,120,0
2009,9,14,18,0915,KOPPU,5,21.5,113.1,975,65,9,50,50,3,160,120,0
2009,9,15,0,0915,KOPPU,4,22.0,112.0,980,55,9,40,40,3,120,80,0
2009,9,15,6,0915,KOPPU,3,22.5,110.6,990,40,0,0,0,3,120,80,0
2009,9,15,12,0915,KOPPU,2,23.3,109.5,996,0,0,0,0,0,0,0,0
2009,9,15,18,0915,KOPPU,2,23.2,108.5,1000,0,0,0,0,0,0,0,0
2009,9,25,0,0916,KETSANA,2,14.2,127.9,1000,0,0,0,0,0,0,0,0
2009,9,25,6,0916,KETSANA,2,14.3,126.8,998,0,0,0,0,0,0,0,0
2009,9,25,12,0916,KETSANA,2,14.7,125.3,998,0,0,0,0,0,0,0,0
2009,9,25,18,0916,KETSANA,2,14.9,123.7,996,0,0,0,0,0,0,0,0
2009,9,26,0,0916,KETSANA,3,15.1,122.4,994,35,0,0,0,9,90,90,0
2009,9,26,6,0916,KETSANA,3,15.1,121.2,990,40,0,0,0,9,120,120,0
2009,9,26,12,0916,KETSANA,3,15.4,119.5,990,40,0,0,0,8,170,140,0
2009,9,26,18,0916,KETSANA,3,15.3,117.7,990,45,0,0,0,8,190,170,0
2009,9,27,0,0916,KETSANA,4,15.2,116.5,985,50,0,0,0,9,210,210,0
2009,9,27,6,0916,KETSANA,4,15.2,115.5,985,50,0,0,0,9,220,220,0
2009,9,27,12,0916,KETSANA,4,15.6,114.5,980,55,9,30,30,9,230,230,0
2009,9,27,18,0916,KETSANA,4,15.7,113.7,975,60,9,40,40,9,230,230,0
2009,9,28,0,0916,KETSANA,4,15.8,112.8,970,60,9,50,50,9,230,230,0
2009,9,28,6,0916,KETSANA,5,15.8,111.9,960,70,9,60,60,2,240,220,0
2009,9,28,12,0916,KETSANA,5,16.0,111.1,960,70,9,80,80,2,240,220,0
2009,9,28,18,0916,KETSANA,5,16.0,110.2,960,70,9,80,80,2,240,200,0
2009,9,29,0,0916,KETSANA,5,15.5,109.5,960,70,9,80,80,2,240,180,0
2009,9,29,6,0916,KETSANA,5,15.4,108.9,965,70,9,80,80,2,160,120,0
2009,9,29,12,0916,KETSANA,4,15.3,108.4,980,60,9,40,40,2,150,110,0
2009,9,29,18,0916,KETSANA,3,15.3,107.9,990,45,0,0,0,2,120,100,0
2009,9,30,0,0916,KETSANA,3,15.3,107.6,994,35,0,0,0,2,120,100,0
2009,9,30,6,0916,KETSANA,2,15.3,107.1,998,0,0,0,0,0,0,0,0
2009,9,30,12,0916,KETSANA,2,15.2,105.9,1000,0,0,0,0,0,0,0,0
2009,9,30,18,0916,KETSANA,2,15.1,105.0,1002,0,0,0,0,0,0,0,0
2009,9,27,18,0917,PARMA,2,9.4,145.5,1004,0,0,0,0,0,0,0,0
2009,9,28,0,0917,PARMA,2,9.4,144.6,1002,0,0,0,0,0,0,0,0
2009,9,28,6,0917,PARMA,2,9.2,143.3,1000,0,0,0,0,0,0,0,0
2009,9,28,12,0917,PARMA,2,9.0,142.1,1000,0,0,0,0,0,0,0,0
2009,9,28,18,0917,PARMA,2,8.6,140.8,998,0,0,0,0,0,0,0,0
2009,9,29,0,0917,PARMA,2,8.0,139.7,996,0,0,0,0,0,0,0,0
2009,9,29,6,0917,PARMA,3,7.8,138.9,994,35,0,0,0,9,50,50,0
2009,9,29,12,0917,PARMA,3,8.0,138.0,992,40,0,0,0,9,50,50,0
2009,9,29,18,0917,PARMA,4,8.4,137.5,990,50,0,0,0,9,90,90,0
2009,9,30,0,0917,PARMA,4,9.1,136.8,980,60,9,30,30,9,90,90,0
2009,9,30,6,0917,PARMA,5,9.9,135.4,970,70,9,30,30,9,140,140,0
2009,9,30,12,0917,PARMA,5,10.5,134.0,960,80,9,50,50,9,140,140,0
2009,9,30,18,0917,PARMA,5,11.3,132.5,945,90,9,70,70,9,140,140,0
2009,10,1,0,0917,PARMA,5,11.8,131.1,930,100,9,80,80,9,140,140,0
2009,10,1,6,0917,PARMA,5,12.5,129.7,930,100,9,80,80,9,140,140,0
2009,10,1,12,0917,PARMA,5,13.1,128.5,930,100,9,80,80,9,140,140,0
2009,10,1,18,0917,PARMA,5,13.7,127.6,940,90,9,80,80,9,170,170,0
2009,10,2,0,0917,PARMA,5,14.5,126.3,940,90,9,80,80,9,170,170,0
2009,10,2,6,0917,PARMA,5,15.0,125.4,955,80,9,80,80,9,170,170,0
2009,10,2,12,0917,PARMA,5,15.8,124.7,955,80,9,80,80,9,170,170,0
2009,10,2,18,0917,PARMA,5,16.4,123.7,965,75,9,60,60,4,210,130,0
2009,10,3,0,0917,PARMA,5,17.1,122.9,965,75,9,60,60,4,200,130,0
2009,10,3,6,0917,PARMA,5,17.8,122.2,965,75,9,60,60,4,200,130,0
2009,10,3,12,0917,PARMA,5,18.3,121.5,970,65,9,40,40,4,190,130,0
2009,10,3,18,0917,PARMA,4,18.6,120.7,975,60,9,40,40,4,190,130,0
2009,10,4,0,0917,PARMA,4,18.8,120.1,980,60,9,40,40,9,180,180,0
2009,10,4,6,0917,PARMA,4,19.3,119.9,980,60,9,40,40,9,180,180,0
2009,10,4,12,0917,PARMA,4,19.6,119.8,985,55,9,40,40,9,180,180,0
2009,10,4,18,0917,PARMA,4,19.9,119.7,990,50,0,0,0,9,180,180,0
2009,10,5,0,0917,PARMA,4,20.1,119.6,990,50,0,0,0,9,180,180,0
2009,10,5,6,0917,PARMA,4,20.1,119.8,990,50,0,0,0,9,120,120,0
2009,10,5,12,0917,PARMA,4,20.0,119.9,985,55,9,50,50,9,120,120,0
2009,10,5,18,0917,PARMA,4,19.8,120.0,985,55,9,50,50,9,120,120,0
2009,10,6,0,0917,PARMA,4,19.3,120.2,985,55,9,50,50,8,160,120,0
2009,10,6,6,0917,PARMA,4,18.9,120.6,985,55,9,50,50,8,160,120,0
2009,10,6,12,0917,PARMA,4,18.4,121.0,990,50,0,0,0,8,200,150,0
2009,10,6,18,0917,PARMA,3,17.9,121.4,994,40,0,0,0,8,180,150,0
2009,10,7,0,0917,PARMA,3,17.6,122.4,996,35,0,0,0,8,180,150,0
2009,10,7,6,0917,PARMA,3,17.7,122.7,996,35,0,0,0,9,150,150,0
2009,10,7,12,0917,PARMA,3,18.1,122.7,994,40,0,0,0,9,150,150,0
2009,10,7,18,0917,PARMA,3,17.8,122.9,994,40,0,0,0,9,150,150,0
2009,10,8,0,0917,PARMA,3,17.4,122.5,994,40,0,0,0,9,150,150,0
2009,10,8,6,0917,PARMA,3,17.4,122.0,994,40,0,0,0,9,150,150,0
2009,10,8,12,0917,PARMA,3,17.5,121.4,994,40,0,0,0,9,150,150,0
2009,10,8,18,0917,PARMA,3,17.7,120.8,996,35,0,0,0,9,150,150,0
2009,10,9,0,0917,PARMA,3,18.2,119.8,998,35,0,0,0,9,150,150,0
2009,10,9,6,0917,PARMA,3,18.1,119.7,998,35,0,0,0,9,150,150,0
2009,10,9,12,0917,PARMA,3,17.5,119.2,998,35,0,0,0,9,150,150,0
2009,10,9,18,0917,PARMA,3,17.3,118.7,998,35,0,0,0,9,150,150,0
2009,10,10,0,0917,PARMA,2,17.1,118.6,1000,0,0,0,0,0,0,0,0
2009,10,10,6,0917,PARMA,2,18.0,118.2,1000,0,0,0,0,0,0,0,0
2009,10,10,12,0917,PARMA,2,18.3,116.9,1000,0,0,0,0,0,0,0,0
2009,10,10,18,0917,PARMA,2,17.9,115.6,1000,0,0,0,0,0,0,0,0
2009,10,11,0,0917,PARMA,3,17.3,114.0,998,35,0,0,0,9,100,100,0
2009,10,11,6,0917,PARMA,3,17.5,113.0,998,35,0,0,0,9,100,100,0
2009,10,11,12,0917,PARMA,3,18.0,112.6,998,35,0,0,0,9,100,100,0
2009,10,11,18,0917,PARMA,3,18.6,111.7,998,35,0,0,0,9,100,100,0
2009,10,12,0,0917,PARMA,3,19.1,111.0,996,35,0,0,0,9,120,120,0
2009,10,12,6,0917,PARMA,3,19.3,110.1,996,35,0,0,0,9,120,120,0
2009,10,12,12,0917,PARMA,3,19.8,109.6,996,40,0,0,0,9,100,100,0
2009,10,12,18,0917,PARMA,3,19.8,109.0,994,40,0,0,0,9,100,100,0
2009,10,13,0,0917,PARMA,3,19.9,108.6,992,45,0,0,0,9,100,100,0
2009,10,13,6,0917,PARMA,4,20.2,108.1,990,50,0,0,0,9,100,100,0
2009,10,13,12,0917,PARMA,3,20.4,107.7,994,40,0,0,0,9,80,80,0
2009,10,13,18,0917,PARMA,3,20.4,107.4,1000,35,0,0,0,9,80,80,0
2009,10,14,0,0917,PARMA,2,20.3,107.1,1008,0,0,0,0,0,0,0,0
2009,10,14,6,0917,PARMA,2,20.0,107.0,1010,0,0,0,0,0,0,0,0
2009,10,14,12,0917,PARMA,2,19.5,106.9,1012,0,0,0,0,0,0,0,0
2009,9,29,6,0918,MELOR,2,9.6,160.4,1002,0,0,0,0,0,0,0,0
2009,9,29,12,0918,MELOR,2,10.6,157.4,998,0,0,0,0,0,0,0,0
2009,9,29,18,0918,MELOR,2,10.9,156.8,998,0,0,0,0,0,0,0,0
2009,9,30,0,0918,MELOR,3,11.5,156.2,996,35,0,0,0,9,80,80,0
2009,9,30,6,0918,MELOR,3,12.6,154.8,992,40,0,0,0,9,80,80,0
2009,9,30,12,0918,MELOR,3,12.9,154.0,990,45,0,0,0,9,80,80,0
2009,9,30,18,0918,MELOR,4,13.0,153.5,980,55,1,50,30,1,100,80,0
2009,10,1,0,0918,MELOR,5,13.6,153.2,975,65,1,50,30,1,120,100,0
2009,10,1,6,0918,MELOR,5,13.9,152.5,955,75,1,60,40,1,140,100,0
2009,10,1,12,0918,MELOR,5,14.1,152.0,950,80,1,70,50,1,150,100,0
2009,10,1,18,0918,MELOR,5,14.0,151.4,940,90,1,70,50,1,160,120,0
2009,10,2,0,0918,MELOR,5,14.2,151.1,935,95,1,80,60,1,180,120,0
2009,10,2,6,0918,MELOR,5,14.5,150.6,935,95,1,80,60,1,180,120,0
2009,10,2,12,0918,MELOR,5,15.0,149.9,935,95,1,80,60,1,190,120,0
2009,10,2,18,0918,MELOR,5,15.4,148.8,935,95,1,80,60,1,200,120,0
2009,10,3,0,0918,MELOR,5,15.6,147.9,935,95,1,80,60,1,210,120,0
2009,10,3,6,0918,MELOR,5,16.2,146.8,940,90,8,80,60,8,220,140,0
2009,10,3,12,0918,MELOR,5,16.5,145.3,935,95,8,80,60,8,230,140,0
2009,10,3,18,0918,MELOR,5,16.5,143.7,925,100,8,90,60,8,240,140,0
2009,10,4,0,0918,MELOR,5,16.6,142.3,920,105,8,90,60,8,250,160,0
2009,10,4,6,0918,MELOR,5,17.0,140.9,910,110,8,90,80,8,260,180,0
2009,10,4,12,0918,MELOR,5,17.5,139.4,910,110,1,100,80,1,260,190,0
2009,10,4,18,0918,MELOR,5,17.9,137.7,910,110,1,100,80,1,260,200,0
2009,10,5,0,0918,MELOR,5,18.5,136.3,915,105,1,100,80,1,270,210,0
2009,10,5,6,0918,MELOR,5,19.2,134.8,915,105,1,100,80,1,280,210,0
2009,10,5,12,0918,MELOR,5,20.0,133.6,930,95,1,100,80,1,280,210,0
2009,10,5,18,0918,MELOR,5,21.2,132.5,935,90,9,90,90,1,280,210,0
2009,10,6,0,0918,MELOR,5,22.5,131.7,935,90,9,90,90,1,260,230,0
2009,10,6,6,0918,MELOR,5,23.9,130.9,940,85,9,80,80,2,260,220,0
2009,10,6,9,0918,MELOR,5,24.5,130.8,940,85,9,80,80,2,260,220,0
2009,10,6,12,0918,MELOR,5,25.1,130.7,940,85,9,90,90,2,260,230,0
2009,10,6,15,0918,MELOR,5,25.7,130.5,940,85,9,90,90,2,260,230,0
2009,10,6,18,0918,MELOR,5,26.5,130.8,940,85,9,90,90,2,280,230,0
2009,10,6,21,0918,MELOR,5,27.3,131.0,940,85,9,100,100,2,300,230,0
2009,10,7,0,0918,MELOR,5,28.2,131.5,940,85,9,110,110,2,300,230,0
2009,10,7,3,0918,MELOR,5,29.0,131.8,945,80,9,120,120,2,300,230,0
2009,10,7,6,0918,MELOR,5,29.9,132.5,945,80,9,120,120,2,300,230,0
2009,10,7,9,0918,MELOR,5,30.8,133.2,945,80,9,120,120,2,300,230,0
2009,10,7,12,0918,MELOR,5,31.6,134.3,945,80,9,120,120,2,300,230,0
2009,10,7,15,0918,MELOR,5,32.9,135.6,950,75,9,120,120,2,300,230,0
2009,10,7,18,0918,MELOR,5,34.0,136.6,955,75,3,120,100,3,325,230,0
2009,10,7,19,0918,MELOR,5,34.2,136.9,955,75,3,120,100,3,325,230,1
2009,10,7,20,0918,MELOR,5,34.6,136.9,955,75,3,120,100,3,325,230,1
2009,10,7,21,0918,MELOR,5,35.1,137.2,965,65,3,120,100,3,325,230,0
2009,10,8,0,0918,MELOR,4,36.1,138.8,975,60,3,120,100,3,350,230,0
2009,10,8,3,0918,MELOR,4,37.1,139.7,975,60,3,120,100,3,350,230,0
2009,10,8,6,0918,MELOR,4,38.4,141.2,984,55,3,120,100,3,350,280,0
2009,10,8,9,0918,MELOR,4,39.0,142.3,980,55,3,120,100,3,350,300,0
2009,10,8,12,0918,MELOR,6,40.0,143.6,980,0,0,0,0,0,0,0,0
2009,10,8,18,0918,MELOR,6,41.3,145.6,980,0,0,0,0,0,0,0,0
2009,10,9,0,0918,MELOR,6,42.2,147.7,984,0,0,0,0,0,0,0,0
2009,10,9,6,0918,MELOR,6,43.2,150.0,984,0,0,0,0,0,0,0,0
2009,10,9,12,0918,MELOR,6,44.2,152.4,984,0,0,0,0,0,0,0,0
2009,10,9,18,0918,MELOR,6,45.1,156.0,982,0,0,0,0,0,0,0,0
2009,10,10,0,0918,MELOR,6,46.0,159.2,982,0,0,0,0,0,0,0,0
2009,10,10,6,0918,MELOR,6,46.7,163.5,982,0,0,0,0,0,0,0,0
2009,10,10,12,0918,MELOR,6,46.7,167.4,984,0,0,0,0,0,0,0,0
2009,10,10,18,0918,MELOR,6,47.0,171.9,988,0,0,0,0,0,0,0,0
2009,10,11,0,0918,MELOR,6,47.2,177.1,988,0,0,0,0,0,0,0,0
2009,10,8,0,0919,NEPARTAK,2,15.2,143.8,1004,0,0,0,0,0,0,0,0
2009,10,8,6,0919,NEPARTAK,2,16.0,143.6,1004,0,0,0,0,0,0,0,0
2009,10,8,12,0919,NEPARTAK,2,16.8,143.4,1004,0,0,0,0,0,0,0,0
2009,10,8,18,0919,NEPARTAK,2,17.8,143.2,1002,0,0,0,0,0,0,0,0
2009,10,9,0,0919,NEPARTAK,2,18.5,143.1,1002,0,0,0,0,0,0,0,0
2009,10,9,6,0919,NEPARTAK,3,19.4,142.7,1000,35,0,0,0,9,80,80,0
2009,10,9,12,0919,NEPARTAK,3,19.8,142.5,998,35,0,0,0,9,100,100,0
2009,10,9,18,0919,NEPARTAK,3,20.3,142.3,998,35,0,0,0,9,100,100,0
2009,10,10,0,0919,NEPARTAK,3,20.7,142.2,998,35,0,0,0,9,120,120,0
2009,10,10,6,0919,NEPARTAK,3,21.3,141.9,998,35,0,0,0,9,120,120,0
2009,10,10,12,0919,NEPARTAK,3,21.8,141.8,998,35,0,0,0,9,120,120,0
2009,10,10,18,0919,NEPARTAK,3,22.1,142.0,998,35,0,0,0,9,120,120,0
2009,10,11,0,0919,NEPARTAK,3,22.3,142.3,996,40,0,0,0,9,120,120,0
2009,10,11,6,0919,NEPARTAK,3,22.7,142.7,996,40,0,0,0,9,120,120,0
2009,10,11,12,0919,NEPARTAK,3,22.9,143.3,996,40,0,0,0,9,120,120,0
2009,10,11,18,0919,NEPARTAK,3,23.2,143.8,994,45,0,0,0,9,120,120,0
2009,10,12,0,0919,NEPARTAK,3,23.5,144.3,992,45,0,0,0,9,120,120,0
2009,10,12,6,0919,NEPARTAK,3,24.3,145.1,992,45,0,0,0,9,120,120,0
2009,10,12,12,0919,NEPARTAK,3,25.5,146.2,992,45,0,0,0,9,120,120,0
2009,10,12,18,0919,NEPARTAK,3,26.9,147.8,992,45,0,0,0,9,120,120,0
2009,10,13,0,0919,NEPARTAK,3,28.6,150.1,992,45,0,0,0,9,120,120,0
2009,10,13,6,0919,NEPARTAK,3,30.5,152.8,992,45,0,0,0,2,150,120,0
2009,10,13,12,0919,NEPARTAK,3,31.4,155.1,994,45,0,0,0,2,150,120,0
2009,10,13,18,0919,NEPARTAK,3,32.6,157.6,996,40,0,0,0,2,150,120,0
2009,10,14,0,0919,NEPARTAK,6,34.0,160.0,998,0,0,0,0,0,0,0,0
2009,10,14,6,0919,NEPARTAK,6,35.4,163.1,1000,0,0,0,0,0,0,0,0
2009,10,14,12,0919,NEPARTAK,6,36.4,166.1,1000,0,0,0,0,0,0,0,0
2009,10,14,18,0919,NEPARTAK,6,37.5,169.2,1000,0,0,0,0,0,0,0,0
2009,10,15,0,0919,NEPARTAK,6,38.5,172.2,1000,0,0,0,0,0,0,0,0
2009,10,15,6,0919,NEPARTAK,6,39.2,175.2,998,0,0,0,0,0,0,0,0
2009,10,15,12,0919,NEPARTAK,6,40.0,178.1,998,0,0,0,0,0,0,0,0
2009,10,15,18,0919,NEPARTAK,6,41.1,180.7,998,0,0,0,0,0,0,0,0
2009,10,14,12,0920,LUPIT,2,10.9,148.8,1006,0,0,0,0,0,0,0,0
2009,10,14,18,0920,LUPIT,2,11.2,146.8,1004,0,0,0,0,0,0,0,0
2009,10,15,0,0920,LUPIT,2,11.4,144.3,1004,0,0,0,0,0,0,0,0
2009,10,15,6,0920,LUPIT,2,11.8,142.1,1004,0,0,0,0,0,0,0,0
2009,10,15,12,0920,LUPIT,3,12.1,140.2,1002,35,0,0,0,1,120,100,0
2009,10,15,18,0920,LUPIT,3,12.4,139.1,1000,40,0,0,0,1,120,100,0
2009,10,16,0,0920,LUPIT,3,13.2,137.4,992,45,0,0,0,1,150,120,0
2009,10,16,6,0920,LUPIT,4,13.9,136.0,980,55,9,50,50,1,160,130,0
2009,10,16,12,0920,LUPIT,4,14.1,134.3,975,60,9,60,60,1,180,140,0
2009,10,16,18,0920,LUPIT,5,14.5,133.2,970,65,1,70,60,1,180,140,0
2009,10,17,0,0920,LUPIT,5,15.1,132.7,965,70,2,80,70,2,180,140,0
2009,10,17,6,0920,LUPIT,5,15.7,132.3,955,80,2,90,70,2,180,140,0
2009,10,17,12,0920,LUPIT,5,16.1,132.3,950,85,2,100,70,2,180,150,0
2009,10,17,18,0920,LUPIT,5,16.7,132.5,950,85,3,110,70,3,200,160,0
2009,10,18,0,0920,LUPIT,5,17.1,132.9,940,90,3,110,90,3,230,170,0
2009,10,18,6,0920,LUPIT,5,17.3,133.6,940,90,3,110,90,3,220,190,0
2009,10,18,12,0920,LUPIT,5,17.6,134.0,940,90,9,100,100,9,200,200,0
2009,10,18,18,0920,LUPIT,5,18.0,134.2,930,95,9,100,100,9,240,240,0
2009,10,19,0,0920,LUPIT,5,18.5,134.1,930,95,9,100,100,9,240,240,0
2009,10,19,6,0920,LUPIT,5,19.0,133.2,930,95,9,100,100,9,240,240,0
2009,10,19,12,0920,LUPIT,5,19.3,132.4,940,90,9,90,90,8,240,220,0
2009,10,19,18,0920,LUPIT,5,19.8,131.5,945,85,9,90,90,8,240,220,0
2009,10,20,0,0920,LUPIT,5,20.1,130.6,950,80,9,80,80,8,240,200,0
2009,10,20,6,0920,LUPIT,5,20.5,129.7,950,80,9,80,80,8,240,200,0
2009,10,20,12,0920,LUPIT,5,20.6,128.9,960,75,9,80,80,7,230,200,0
2009,10,20,18,0920,LUPIT,5,20.5,127.9,960,75,9,80,80,7,230,200,0
2009,10,21,0,0920,LUPIT,5,20.2,127.1,965,70,9,70,70,7,220,200,0
2009,10,21,6,0920,LUPIT,5,19.8,126.3,965,70,9,70,70,9,200,200,0
2009,10,21,12,0920,LUPIT,5,19.3,125.7,965,70,9,70,70,9,200,200,0
2009,10,21,18,0920,LUPIT,5,19.1,125.4,965,70,9,70,70,9,200,200,0
2009,10,22,0,0920,LUPIT,5,18.9,124.8,965,70,9,70,70,9,200,200,0
2009,10,22,6,0920,LUPIT,5,18.9,124.4,965,70,9,70,70,9,200,200,0
2009,10,22,12,0920,LUPIT,5,18.9,124.0,970,65,9,70,70,9,200,200,0
2009,10,22,18,0920,LUPIT,5,19.0,123.8,970,65,9,70,70,9,190,190,0
2009,10,23,0,0920,LUPIT,5,19.1,123.6,970,65,9,70,70,9,180,180,0
2009,10,23,6,0920,LUPIT,4,19.4,123.7,975,60,9,70,70,9,180,180,0
2009,10,23,12,0920,LUPIT,4,19.8,124.1,980,55,9,70,70,9,180,180,0
2009,10,23,18,0920,LUPIT,4,20.4,124.6,980,55,9,70,70,9,170,170,0
2009,10,24,0,0920,LUPIT,4,21.4,124.9,980,55,9,60,60,9,170,170,0
2009,10,24,6,0920,LUPIT,4,22.3,125.4,980,55,9,60,60,9,170,170,0
2009,10,24,12,0920,LUPIT,4,23.1,125.8,980,55,9,70,70,9,170,170,0
2009,10,24,18,0920,LUPIT,4,23.4,126.6,980,55,9,70,70,9,170,170,0
2009,10,25,0,0920,LUPIT,4,24.3,127.3,980,55,9,70,70,9,170,170,0
2009,10,25,3,0920,LUPIT,4,24.6,127.9,980,55,9,70,70,9,170,170,0
2009,10,25,6,0920,LUPIT,4,24.9,128.6,980,55,9,70,70,9,170,170,0
2009,10,25,9,0920,LUPIT,4,25.2,129.4,980,55,9,70,70,9,170,170,0
2009,10,25,12,0920,LUPIT,4,25.7,130.1,980,55,9,70,70,3,180,160,0
2009,10,25,15,0920,LUPIT,4,26.2,130.8,980,55,3,80,60,3,200,150,0
2009,10,25,18,0920,LUPIT,4,26.5,131.7,980,55,3,80,60,3,220,140,0
2009,10,25,21,0920,LUPIT,4,27.0,132.7,980,55,3,80,60,3,230,130,0
2009,10,26,0,0920,LUPIT,4,27.5,133.4,980,55,3,80,60,3,230,130,0
2009,10,26,6,0920,LUPIT,4,29.1,135.8,980,55,3,80,60,3,230,100,0
2009,10,26,9,0920,LUPIT,4,30.2,137.4,980,55,3,80,60,3,230,100,0
2009,10,26,12,0920,LUPIT,4,31.3,139.1,980,55,3,80,60,3,230,100,0
2009,10,26,15,0920,LUPIT,4,32.4,140.7,980,55,3,80,60,3,230,100,0
2009,10,26,18,0920,LUPIT,4,34.0,142.8,980,55,3,80,60,3,230,100,0
2009,10,26,21,0920,LUPIT,4,35.9,144.6,980,55,3,80,60,3,230,100,0
2009,10,27,0,0920,LUPIT,6,38.3,146.1,972,0,0,0,0,0,0,0,0
2009,10,27,6,0920,LUPIT,6,41.8,149.0,964,0,0,0,0,0,0,0,0
2009,10,27,12,0920,LUPIT,6,44.3,151.6,956,0,0,0,0,0,0,0,0
2009,10,27,18,0920,LUPIT,6,46.2,155.5,956,0,0,0,0,0,0,0,0
2009,10,28,0,0920,LUPIT,6,47.9,159.3,956,0,0,0,0,0,0,0,0
2009,10,28,6,0920,LUPIT,6,49.5,162.7,956,0,0,0,0,0,0,0,0
2009,10,28,12,0920,LUPIT,6,50.5,164.8,956,0,0,0,0,0,0,0,0
2009,10,28,18,0920,LUPIT,6,51.1,166.7,960,0,0,0,0,0,0,0,0
2009,10,29,0,0920,LUPIT,6,51.3,168.5,968,0,0,0,0,0,0,0,0
2009,10,29,6,0920,LUPIT,6,51.6,170.5,974,0,0,0,0,0,0,0,0
2009,10,29,12,0920,LUPIT,6,52.3,172.1,980,0,0,0,0,0,0,0,0
2009,10,29,18,0920,LUPIT,6,53.3,172.8,984,0,0,0,0,0,0,0,0
2009,10,30,0,0920,LUPIT,6,54.1,173.5,990,0,0,0,0,0,0,0,0
2009,10,30,6,0920,LUPIT,6,55.2,173.8,992,0,0,0,0,0,0,0,0
2009,10,30,12,0920,LUPIT,6,56.1,173.8,994,0,0,0,0,0,0,0,0
2009,10,30,18,0920,LUPIT,6,56.9,173.6,996,0,0,0,0,0,0,0,0
2009,10,25,18,0921,MIRINAE,2,11.8,152.5,1002,0,0,0,0,0,0,0,0
2009,10,26,0,0921,MIRINAE,2,12.3,151.5,1004,0,0,0,0,0,0,0,0
2009,10,26,6,0921,MIRINAE,2,12.9,149.9,1002,0,0,0,0,0,0,0,0
2009,10,26,12,0921,MIRINAE,2,13.5,148.6,1004,0,0,0,0,0,0,0,0
2009,10,26,18,0921,MIRINAE,2,13.8,146.8,1002,0,0,0,0,0,0,0,0
2009,10,27,0,0921,MIRINAE,2,14.3,145.3,1002,0,0,0,0,0,0,0,0
2009,10,27,6,0921,MIRINAE,3,14.9,143.7,998,35,0,0,0,8,100,40,0
2009,10,27,12,0921,MIRINAE,3,15.7,142.0,992,45,0,0,0,8,100,40,0
2009,10,27,18,0921,MIRINAE,4,15.9,140.3,980,55,9,40,40,8,140,60,0
2009,10,28,0,0921,MIRINAE,5,16.1,138.5,965,70,9,40,40,8,150,70,0
2009,10,28,6,0921,MIRINAE,5,16.2,137.0,960,75,9,40,40,8,160,70,0
2009,10,28,12,0921,MIRINAE,5,16.2,135.5,955,80,9,50,50,8,160,80,0
2009,10,28,18,0921,MIRINAE,5,16.2,133.8,955,80,9,50,50,8,170,80,0
2009,10,29,0,0921,MIRINAE,5,15.9,132.2,955,80,9,60,60,8,170,80,0
2009,10,29,6,0921,MIRINAE,5,16.0,130.6,960,75,9,60,60,8,170,80,0
2009,10,29,12,0921,MIRINAE,5,16.0,128.9,965,75,9,60,60,8,180,80,0
2009,10,29,18,0921,MIRINAE,5,15.7,127.3,965,75,9,60,60,8,180,100,0
2009,10,30,0,0921,MIRINAE,5,15.3,125.7,970,70,9,50,50,8,200,120,0
2009,10,30,6,0921,MIRINAE,5,14.9,124.6,975,65,9,50,50,8,180,120,0
2009,10,30,12,0921,MIRINAE,4,14.7,123.2,980,60,9,50,50,8,180,100,0
2009,10,30,18,0921,MIRINAE,4,14.2,121.7,985,55,9,30,30,8,170,100,0
2009,10,31,0,0921,MIRINAE,4,14.1,120.2,990,50,0,0,0,8,170,100,0
2009,10,31,6,0921,MIRINAE,4,14.0,118.9,990,50,0,0,0,8,160,100,0
2009,10,31,12,0921,MIRINAE,3,14.0,117.8,994,45,0,0,0,8,160,100,0
2009,10,31,18,0921,MIRINAE,3,14.0,116.6,994,45,0,0,0,8,150,120,0
2009,11,1,0,0921,MIRINAE,3,13.9,115.3,994,45,0,0,0,9,130,130,0
2009,11,1,6,0921,MIRINAE,3,13.8,114.5,994,45,0,0,0,9,130,130,0
2009,11,1,12,0921,MIRINAE,3,13.8,113.5,994,45,0,0,0,9,130,130,0
2009,11,1,18,0921,MIRINAE,3,13.6,112.1,994,45,0,0,0,8,130,100,0
2009,11,2,0,0921,MIRINAE,3,13.2,110.9,994,45,0,0,0,8,130,80,0
2009,11,2,6,0921,MIRINAE,3,12.9,109.7,994,45,0,0,0,8,100,50,0
2009,11,2,12,0921,MIRINAE,3,12.7,108.5,998,35,0,0,0,8,100,50,0
2009,11,2,18,0921,MIRINAE,2,13.0,106.7,1004,0,0,0,0,0,0,0,0
2009,11,21,18,0922,NIDA,2,6.7,148.3,1002,0,0,0,0,0,0,0,0
2009,11,22,0,0922,NIDA,2,6.9,148.2,1004,0,0,0,0,0,0,0,0
2009,11,22,6,0922,NIDA,2,7.2,148.1,1000,0,0,0,0,0,0,0,0
2009,11,22,12,0922,NIDA,2,7.4,148.0,1002,0,0,0,0,0,0,0,0
2009,11,22,18,0922,NIDA,2,7.6,148.0,1002,0,0,0,0,0,0,0,0
2009,11,23,0,0922,NIDA,2,7.8,148.0,1002,0,0,0,0,0,0,0,0
2009,11,23,6,0922,NIDA,2,8.2,147.6,1002,0,0,0,0,0,0,0,0
2009,11,23,12,0922,NIDA,3,8.5,147.1,1000,35,0,0,0,9,70,70,0
2009,11,23,18,0922,NIDA,3,8.7,146.3,996,45,0,0,0,8,90,70,0
2009,11,24,0,0922,NIDA,4,8.8,145.8,992,50,0,0,0,8,110,80,0
2009,11,24,6,0922,NIDA,5,8.9,145.5,980,65,9,30,30,8,130,90,0
2009,11,24,12,0922,NIDA,5,9.3,145.0,975,70,9,40,40,8,140,100,0
2009,11,24,18,0922,NIDA,5,9.9,144.3,960,80,9,50,50,1,160,120,0
2009,11,25,0,0922,NIDA,5,10.7,143.8,950,85,9,60,60,1,170,130,0
2009,11,25,6,0922,NIDA,5,11.6,143.0,940,95,9,70,70,1,180,130,0
2009,11,25,12,0922,NIDA,5,12.6,142.2,925,105,9,75,75,1,180,140,0
2009,11,25,18,0922,NIDA,5,13.6,141.4,905,115,9,80,80,1,180,140,0
2009,11,26,0,0922,NIDA,5,14.5,140.7,905,115,9,80,80,1,190,140,0
2009,11,26,6,0922,NIDA,5,15.2,140.0,905,110,9,80,80,1,190,140,0
2009,11,26,12,0922,NIDA,5,15.8,139.7,915,105,9,80,80,1,210,140,0
2009,11,26,18,0922,NIDA,5,16.3,139.3,915,105,9,80,80,1,210,140,0
2009,11,27,0,0922,NIDA,5,16.9,139.2,925,100,9,70,70,1,220,140,0
2009,11,27,6,0922,NIDA,5,17.8,139.2,925,100,9,70,70,1,230,150,0
2009,11,27,12,0922,NIDA,5,18.3,139.0,925,100,9,70,70,1,240,150,0
2009,11,27,18,0922,NIDA,5,18.7,139.0,925,100,9,70,70,8,240,150,0
2009,11,28,0,0922,NIDA,5,19.0,139.0,925,100,9,70,70,8,240,150,0
2009,11,28,6,0922,NIDA,5,19.1,139.2,925,100,9,70,70,8,250,160,0
2009,11,28,12,0922,NIDA,5,19.1,139.3,930,95,9,75,75,8,260,160,0
2009,11,28,18,0922,NIDA,5,19.1,139.5,930,95,9,75,75,8,260,160,0
2009,11,29,0,0922,NIDA,5,19.3,139.4,945,85,9,70,70,7,260,160,0
2009,11,29,6,0922,NIDA,5,19.5,139.4,945,85,9,70,70,7,260,160,0
2009,11,29,12,0922,NIDA,5,19.5,139.2,945,85,9,70,70,7,260,160,0
2009,11,29,18,0922,NIDA,5,19.6,139.5,945,85,9,70,70,7,260,160,0
2009,11,30,0,0922,NIDA,5,19.6,139.3,945,85,9,70,70,7,240,160,0
2009,11,30,6,0922,NIDA,5,19.8,139.1,945,85,9,70,70,7,240,160,0
2009,11,30,12,0922,NIDA,5,20.0,138.8,955,80,9,65,65,7,220,140,0
2009,11,30,18,0922,NIDA,5,20.1,138.5,955,80,9,65,65,7,220,140,0
2009,12,1,0,0922,NIDA,5,20.3,138.2,955,80,9,60,60,7,220,130,0
2009,12,1,6,0922,NIDA,5,20.6,137.7,965,70,9,55,55,7,220,130,0
2009,12,1,12,0922,NIDA,5,20.6,137.3,970,65,9,50,50,7,220,130,0
2009,12,1,18,0922,NIDA,4,20.7,136.9,980,60,9,40,40,7,220,130,0
2009,12,2,0,0922,NIDA,4,20.8,136.1,980,60,9,40,40,7,220,130,0
2009,12,2,6,0922,NIDA,4,20.9,135.6,985,50,0,0,0,7,220,130,0
2009,12,2,12,0922,NIDA,3,21.1,135.1,990,45,0,0,0,7,200,130,0
2009,12,2,18,0922,NIDA,3,21.5,134.6,994,40,0,0,0,7,200,100,0
2009,12,3,0,0922,NIDA,2,21.7,134.2,1000,0,0,0,0,0,0,0,0
2009,12,3,6,0922,NIDA,2,22.4,134.5,1002,0,0,0,0,0,0,0,0
2009,12,3,12,0922,NIDA,2,22.6,135.6,1002,0,0,0,0,0,0,0,0
